cnpj,nome,categoria
00000000000191,Banco do Brasil SA,Bancos e Serviços Financeiros
60701190000104,Itaú Unibanco SA,Bancos e Finanças
03007331000141,Mercado Livre Brasil,E-commerce e Marketplaces
15436940000103,Nu Pagamentos SA (Nubank),Bancos Digitais
47960950000121,Magazine Luiza SA,Varejo e E-commerce
05570714000159,KaBuM Comércio Eletrônico,Hardware e Eletrônicos
09339936000116,Uber do Brasil Tecnologia,Mobilidade e Entregas
00360305000104,Caixa Econômica Federal,Bancos Públicos
33000167000101,Petróleo Brasileiro SA - Petrobras,Energia e Combustíveis
02429911000140,iFood Delivery de Comida,Delivery e Aplicativos
